{
  "minecraft:recipes/decorations/crafting_table": {
    "criteria": {
      "unlock_right_away": "2025-03-31 20:11:16 -0600"
    },
    "done": true
  },
  "minecraft:adventure/adventuring_time": {
    "criteria": {
      "minecraft:mangrove_swamp": "2025-04-01 22:19:51 -0600",
      "minecraft:sparse_jungle": "2025-03-31 20:11:17 -0600",
      "minecraft:lukewarm_ocean": "2025-03-31 20:11:36 -0600",
      "minecraft:river": "2025-04-01 22:20:06 -0600",
      "minecraft:plains": "2025-04-01 22:19:48 -0600"
    },
    "done": false
  },
  "lootr:root": {
    "criteria": {
      "always_true": "2025-03-31 20:38:10 -0600"
    },
    "done": true
  },
  "minecraft:recipes/transportation/mangrove_boat": {
    "criteria": {
      "in_water": "2025-04-01 23:20:47 -0600"
    },
    "done": true
  },
  "minecraft:recipes/transportation/acacia_boat": {
    "criteria": {
      "in_water": "2025-04-01 23:20:47 -0600"
    },
    "done": true
  },
  "minecraft:recipes/transportation/cherry_boat": {
    "criteria": {
      "in_water": "2025-04-01 23:20:47 -0600"
    },
    "done": true
  },
  "minecraft:recipes/transportation/bamboo_raft": {
    "criteria": {
      "in_water": "2025-04-01 23:20:47 -0600"
    },
    "done": true
  },
  "minecraft:recipes/transportation/spruce_boat": {
    "criteria": {
      "in_water": "2025-04-01 23:20:47 -0600"
    },
    "done": true
  },
  "minecraft:recipes/transportation/birch_boat": {
    "criteria": {
      "in_water": "2025-04-01 23:20:47 -0600"
    },
    "done": true
  },
  "minecraft:recipes/transportation/oak_boat": {
    "criteria": {
      "in_water": "2025-04-01 23:20:47 -0600"
    },
    "done": true
  },
  "minecraft:recipes/transportation/jungle_boat": {
    "criteria": {
      "in_water": "2025-04-01 23:20:47 -0600"
    },
    "done": true
  },
  "minecraft:recipes/transportation/dark_oak_boat": {
    "criteria": {
      "in_water": "2025-04-01 23:20:47 -0600"
    },
    "done": true
  },
  "DataVersion": 3955
}