{"stats":{"minecraft:custom":{"minecraft:jump":77,"minecraft:time_since_rest":11923,"minecraft:leave_game":10,"minecraft:play_time":17431,"minecraft:sprint_one_cm":10101,"minecraft:time_since_death":17431,"minecraft:walk_on_water_one_cm":60,"minecraft:walk_one_cm":26864,"minecraft:sneak_time":144,"minecraft:total_world_time":31016,"minecraft:walk_under_water_one_cm":792,"minecraft:swim_one_cm":268,"minecraft:fly_one_cm":109531},"minecraft:used":{"connectedglass:borderless_glass_pane":10}},"DataVersion":3955}